{"cameraMode":{"drawMode":0,"name":"Shaded","section":"Shading Mode"},"sceneLighting":false,"audioPlay":false,"sceneViewState":{"showFog":true,"showMaterialUpdate":false,"showSkybox":false,"showFlares":true,"showImageEffects":true,"showParticleSystems":true},"in2DMode":false,"pivot":{"x":0.009498894214630127,"y":0.4410848617553711,"z":-0.0036536455154418947},"rotation":{"x":-0.2637132406234741,"y":0.5220397114753723,"z":-0.17375992238521577,"w":-0.7923079133033752},"size":0.9522040486335754,"orthographic":false}