{"cameraMode":{"drawMode":0,"name":"Shaded","section":"Shading Mode"},"sceneLighting":false,"audioPlay":false,"sceneViewState":{"showFog":true,"showMaterialUpdate":false,"showSkybox":false,"showFlares":true,"showImageEffects":true,"showParticleSystems":true},"in2DMode":false,"pivot":{"x":-0.19738292694091798,"y":5.479009628295898,"z":2.3726911544799806},"rotation":{"x":-0.030147112905979158,"y":0.9515946507453919,"z":-0.09914132952690125,"w":-0.2893645167350769},"size":4.465943813323975,"orthographic":false}